{"cameraMode":{"drawMode":0,"name":"Shaded","section":"Shading Mode"},"sceneLighting":false,"audioPlay":false,"sceneViewState":{"showFog":true,"showMaterialUpdate":true,"showSkybox":false,"showFlares":true,"showImageEffects":true,"showParticleSystems":true},"in2DMode":false,"pivot":{"x":86.65380096435547,"y":0.9236023426055908,"z":52.30308532714844},"rotation":{"x":-0.3592849671840668,"y":-0.4855406582355499,"z":0.2284637838602066,"w":-0.7635361552238464},"size":2.7212541103363039,"orthographic":false}